,name,Nose,Neck,RShoulder,RElbow,RWrist,LShoulder,LElbow,LWrist,MidHip,RHip,RKnee,RAnkle,LHip,LKnee,LAnkle,REye,LEye,REar,LEar,LBigToe,LSmallToe,LHeel,RBigToe,RSmallToe,RHeel
0,VID_20190922_193049_91,0.868879,0.959685,0.9368719999999999,0.8459909999999999,0.875733,0.8909469999999999,0.0,0.0,0.8772900000000001,0.9142939999999999,0.837208,0.8177200000000001,0.839243,0.864088,0.8554100000000001,0.880227,0.922271,0.893635,0.555684,0.7636259999999999,0.780735,0.747131,0.751776,0.7449319999999999,0.677335
1,VID_20190922_193049_92,0.9078879999999999,0.896635,0.896627,0.7959459999999999,0.873764,0.862499,0.186475,0.0,0.8986409999999999,0.855796,0.858873,0.9324049999999999,0.890245,0.777772,0.8880659999999999,0.954425,0.863181,0.29677000000000003,0.903153,0.614771,0.6890400000000001,0.7361449999999999,0.872613,0.8387249999999999,0.7844369999999999
2,VID_20190922_193049_93,0.893183,0.8968849999999999,0.899288,0.7674839999999999,0.728541,0.880087,0.6918139999999999,0.548299,0.822156,0.848521,0.839258,0.8535229999999999,0.8541489999999999,0.80454,0.874477,0.8565039999999999,0.954461,0.0,0.8762300000000001,0.714249,0.763911,0.715407,0.8129719999999999,0.825433,0.840143
